{"cameraMode":{"drawMode":0,"name":"Shaded","section":"Shading Mode"},"sceneLighting":true,"audioPlay":false,"sceneViewState":{"m_AlwaysRefresh":false,"showFog":true,"showSkybox":true,"showFlares":true,"showImageEffects":true,"showParticleSystems":true,"showVisualEffectGraphs":true,"m_FxEnabled":true},"in2DMode":false,"pivot":{"x":-3.392817974090576,"y":0.0035762786865234377,"z":-2.4919447898864748},"rotation":{"x":0.7028180956840515,"y":0.186110258102417,"z":-0.19905875623226167,"w":0.6571053266525269},"size":9.461925506591797,"orthographic":true}